{"generatedAt":"2026-06-13T12:45:52.348Z","categories":["Good","Moderate","Unhealthy for Sensitive Groups","Unhealthy","Very Unhealthy","Hazardous"],"forecastRegressor":{"features":["pm25_lag1","pm25_lag2","pm25_lag3","pm25_roll3","DEWP","TEMP","PRES","Iws","Is","Ir","hour_sin","hour_cos","month_sin","month_cos","wind_NW","wind_NE","wind_SE"],"mean":[98.808869,98.81385,98.843827,98.822182,1.449537,11.858831,1016.539074,24.899955,0.061443,0.2082,0.002359,0.001938,0.000259,0.014783,0.336249,0.113713,0.340866],"std":[91.287398,91.292624,91.357779,89.730682,14.565884,12.329518,10.474574,50.849444,0.798493,1.486847,0.70772,0.706487,0.703058,0.710979,0.472425,0.317462,0.474],"weights":[98.854487,96.364965,-29.072977,-4.094448,21.429678,7.166011,-6.575745,-1.673247,0.109075,-0.413672,-1.080377,-2.276553,-0.315502,0.235088,2.850917,-3.436922,-1.297846,-0.499765],"residualStd":21.204},"scenarioRegressor":{"features":["DEWP","TEMP","PRES","Iws","Is","Ir","hour_sin","hour_cos","month_sin","month_cos","wind_NW","wind_NE","wind_SE"],"mean":[1.500314,11.93507,1016.493998,24.904324,0.06056,0.20922,-0.000753,0.000854,0.002147,0.011604,0.335339,0.113636,0.342733],"std":[14.553817,12.314975,10.454376,50.781404,0.792769,1.495178,0.707446,0.706767,0.703921,0.71018,0.472109,0.317368,0.474623],"weights":[98.827481,110.087377,-32.114564,-21.265709,-5.121095,-4.448267,-8.839767,-4.680174,-0.725392,6.176301,94.584853,-9.286581,-5.5299,-2.408837],"residualStd":71.567}}